case_id	KRAS	KRAS_VAF	mutation_count	CDKN2A	SMAD4	TP53	amp	del
C3N-01011	G12D	0.0392857	9	WT	WT	Nonsense/frameshift	72	-28
C3N-03840	G12V	0.12831	25	WT	WT	WT	386	-77
C3N-01012	NA	NA	17	Missense	WT	Nonsense/frameshift	64	-30
C3N-03780	G12V	0.116279	21	WT	Missense	Missense	52	-79
C3N-02971	G12R	0.121429	36	WT	WT	Missense	736	-1188
C3L-00819	G12D	0.122302	35	WT	WT	WT	0	-77
C3N-00436	G12V	0.0852713	27	WT	WT	Nonsense/frameshift	22	-97
C3L-00589	G12D	0.216617	73	WT	WT	Missense	426	-375
C3L-00622	G12V	0.106383	26	WT	WT	WT	0	-80
C3L-04848	G12D	0.130672	35	Nonsense/frameshift	WT	WT	672	-160
C3L-01662	G12D	0.148148	25	WT	WT	WT	526	-57
C3L-00625	G12D	0.163961	20	WT	WT	Missense	1574	-2201
C3L-02112	G12D	0.0246479	4	WT	Missense	WT	86	-38
C3L-00640	G12V	0.0639731	35	WT	Nonsense/frameshift	Missense	2265	-30
C3L-01453	G12D	0.125189	23	WT	WT	Missense	1638	-60
C3N-02768	G12D	0.310734	46	WT	WT	Missense	4484	-208
C3L-02115	G12V	0.0957447	8	WT	Missense	WT	132	-28
C3N-03884	G12D	0.104505	20	WT	WT	Missense	266	-41
C3L-01703	G12R	0.11186	35	WT	WT	Missense	16	-85
C3L-02116	Q61H	0.124309	20	WT	WT	WT	12	-42
C3N-02998	G12D	0.030426	7	WT	WT	WT	0	-76
C3L-03630	G12D	0.146712	40	WT	WT	Missense	227	-786
C3L-02118	G12V	0.11236	28	WT	WT	Missense	2854	-93
C3L-03632	G12V	0.041791	5	WT	WT	WT	652	-30
C3L-01031	G12D	0.327835	56	WT	WT	WT	2264	-3180
C3N-02573	G12V	0.121901	33	WT	Missense	Missense	26	-52
C3N-00709	G12R	0.151139	40	WT	WT	In-frame ins/del	2128	-339
C3L-01687	G12D	0.134199	27	Missense	WT	In-frame ins/del	381	-945
C3N-00249	Q61R	0.214511	19	WT	Missense	Nonsense/frameshift	3354	-5250
C3L-02809	G12V	0.309154	35	WT	WT	Missense	4105	-2888
C3N-03173	G12D	0.0945122	30	WT	WT	Missense	386	-75
C3L-03635	G12D	0.126183	49	WT	WT	Missense	4074	-221
C3L-03388	G12R	0.0813953	22	WT	WT	Missense	2362	-3129
C3L-01689	G12D	0.175749	43	WT	Missense	Nonsense/frameshift	1197	-2259
C3L-00189	G12V	0.0695103	8	WT	WT	Missense	0	-28
C3N-00511	G12D	0.232246	43	WT	WT	Missense	795	-3466
C3L-02610	G12V	0.251101	32	Nonsense/frameshift	Nonsense/frameshift	Missense	460	-311
C3N-00512	G12R	0.0369128	9	WT	WT	Nonsense/frameshift	0	-30
C3L-01036	G12D	0.0720859	38	WT	WT	WT	112	-82
C3N-00513	G12D	0.0532446	2	WT	WT	Nonsense/frameshift	0	-28
C3L-01037	G12D	0.165948	37	Missense	WT	Missense	654	-75
C3N-03190	G12D	0.237288	20	WT	WT	Missense	834	-107
C3N-02592	G12D	0.0880914	30	WT	WT	Missense	487	-40
C3N-02579	G12R	0.258258	19	Nonsense/frameshift	WT	Missense	3174	-2528
C3N-00514	G12V	0.131127	28	WT	WT	WT	20	-30
C3L-03639	G12D	0.439716	69	WT	WT	In-frame ins/del	3328	-1002
C3L-02613	G12V	0.478488	107	WT	WT	Missense	3288	-5347
C3L-01051	G12D	0.157801	36	Nonsense/frameshift	WT	Missense	1044	-313
C3N-03211	G12R	0.0321543	4	WT	WT	WT	4	-28
C3L-01052	G12V	0.0322061	1	WT	WT	WT	0	-28
C3N-03426	NA	NA	85	WT	WT	Missense	618	-84
C3N-00957	G12V	0.0575758	20	WT	WT	Nonsense/frameshift	80	-34
C3N-00516	G12D	0.238429	28	WT	WT	Missense	2128	-128
C3N-00302	G12V	0.22619	18	WT	WT	Nonsense/frameshift	2125	-4628
C3L-01053	G12R	0.0415094	4	WT	WT	WT	0	-28
C3N-03440	G12V	0.0470852	12	WT	WT	WT	0	-28
C3N-01997	G12R	0.0631229	16	WT	WT	Missense	366	-32
C3N-00517	G12D	0.0461538	3	WT	WT	Nonsense/frameshift	0	-28
C3N-00303	G12D	0.0512091	25	WT	WT	WT	0	-30
C3L-01054	G12R	0.0457143	15	WT	WT	WT	0	-28
C3N-03428	G12D	0.0193322	1	WT	WT	WT	90	-33
C3N-03000	G12D	0.272109	26	WT	WT	Missense	3964	-459
C3N-01998	G12S	0.0717949	32	Nonsense/frameshift	WT	WT	276	-28
C3N-00518	Q61H	0.127451	20	WT	Missense	WT	0	-53
C3L-04027	G12D	0.176617	41	WT	WT	Missense	148	-28
C3L-01971	G12V	0.334783	48	Nonsense/frameshift	Nonsense/frameshift	Missense	918	-30
C3L-00017	G12D	0.174779	42	WT	WT	In-frame ins/del	2274	-2582
C3N-03670	G12D	0.028125	10	WT	WT	Missense	108	-30
C3N-03006	G12R	0.0921788	33	Nonsense/frameshift	WT	WT	215	-32
C3N-03007	G12D	0.152838	26	Nonsense/frameshift	WT	Missense	196	-37
C3N-01380	NA	NA	14	WT	WT	Nonsense/frameshift	245	-60
C3N-04126	G12R	0.172277	26	WT	WT	Nonsense/frameshift	2218	-78
C3N-01381	G12D	0.110606	25	Nonsense/frameshift	WT	Missense	466	-32
C3N-01382	G12V	0.0554622	27	WT	Nonsense/frameshift	WT	0	-75
C3L-01328	G12D	0.393327	21	Nonsense/frameshift	WT	Missense	4119	-83
C3N-01383	G12D	0.0898876	36	Nonsense/frameshift	Nonsense/frameshift	WT	0	-73
C3L-04080	G12R	0.138318	27	WT	Missense	WT	2185	-2508
C3N-01388	G12D	0.0779944	20	WT	WT	WT	154	-73
C3L-02463	G12D	0.202952	47	WT	Missense	Missense	362	-2709
C3N-03061	G12V	0.130326	59	WT	WT	Nonsense/frameshift	818	-69
C3N-02940	G12D	0.13465	30	WT	WT	Missense	328	-75
C3N-03754	G12D	0.165775	28	Nonsense/frameshift	WT	Missense	2286	-110
C3N-02944	G12D	0.0836364	20	WT	WT	Missense	918	-33
C3N-03069	G12C	0.0723982	63	WT	WT	WT	1432	-197
C3L-01598	G12D	0.154795	45	Nonsense/frameshift	WT	Missense	75	-73
C3N-03086	G12D	0.196491	30	WT	WT	WT	1934	-66
C3L-01637	Q61H	0.118834	30	WT	Nonsense/frameshift	Missense	1448	-497
C3N-03839	G12V	0.162295	59	WT	WT	WT	5786	-3324
C3L-03123	G12V	0.320323	292	Missense	WT	Missense	640	-49
C3N-03853	G13D	0.138728	34	WT	WT	Missense	748	-865
C3N-01714	G12D	0.122896	28	Nonsense/frameshift	WT	Nonsense/frameshift	162	-34
C3N-01715	NA	NA	561	WT	WT	WT	904	-872
C3L-04853	G12V	0.0955882	36	WT	WT	WT	240	-41
C3L-00401	G12D	0.0451467	4	WT	WT	Missense	12	-28
C3N-01716	G12R	0.161184	21	WT	WT	Nonsense/frameshift	791	-3367
C3N-01502	G12V	0.0412844	34	WT	WT	Nonsense/frameshift	320	-32
C3N-02295	G12V	0.0380623	14	WT	WT	Missense	60	-28
C3N-00198	NA	NA	26	Nonsense/frameshift	WT	Missense	534	-83
C3L-03356	G12D	0.0836177	18	WT	WT	Missense	94	-73
C3L-00598	G12D	0.280055	35	WT	WT	Missense	582	-3530
C3N-01719	G12V	0.0261866	1	WT	WT	WT	141	-94
C3L-00599	G12D	0.156788	37	WT	WT	Missense	48	-197
C3L-02109	G12R	0.142566	31	WT	WT	Missense	1079	-2025
C3L-00881	G12R	0.0730223	8	WT	WT	WT	20	-33
C3L-03628	G12R	0.115888	23	WT	WT	Missense	304	-34
C3L-03394	G12D	0.0174825	6	Missense	WT	WT	102	-73
C3L-03395	G12D	0.0510441	14	WT	WT	Missense	0	-81
C3N-04282	Q61H	0.445844	32	WT	WT	WT	2288	-5296
C3L-02604	G12V	0.353919	56	WT	WT	Nonsense/frameshift	1087	-3199
C3N-04283	G12D	0.139896	19	WT	WT	Missense	60	-67
C3N-04284	Q61R	0.0478261	14	WT	WT	WT	365	-36
C3N-03430	G12V	0.284224	64	WT	WT	WT	194	-45
C3N-02585	G12D	0.181818	28	Nonsense/frameshift	WT	WT	10	-2561
C3L-02606	G12D	0.129032	41	Nonsense/frameshift	WT	Missense	2032	-247
C3L-04473	G12V	0.0587276	13	WT	WT	Nonsense/frameshift	266	-73
C3N-02589	G12R	0.0835655	27	WT	WT	Missense	260	-75
C3L-04475	G12R	0.0947581	33	WT	WT	Missense	156	-35
C3N-03665	G12V	0.153527	24	WT	Missense	WT	2236	-1684
C3L-00928	G12V	0.0856481	27	WT	WT	WT	577	-30
C3N-03666	G12V	0.167019	66	WT	WT	Missense	3766	-84
C3N-03439	G12R	0.0905512	60	WT	WT	Missense	1834	-30
C3L-04479	G12V	0.163073	25	Nonsense/frameshift	Nonsense/frameshift	Missense	0	-79
C3L-04495	G12D	0.0471698	15	WT	Nonsense/frameshift	Nonsense/frameshift	0	-30
C3N-04119	G12D	0.119318	30	Missense	Nonsense/frameshift	Nonsense/frameshift	210	-126
C3N-01375	G12V	0.103986	30	WT	WT	WT	2072	-37
C3L-04072	G12D	0.451049	37	WT	WT	Missense	1026	-4121
C3L-02890	G12D	0.12336	32	Nonsense/frameshift	WT	Nonsense/frameshift	357	-28
C3L-00277	Q61H	0.356808	19	WT	In-frame ins/del	WT	5024	-1718
C3N-02010	G12R	0.327759	30	WT	WT	Missense	2374	-3982
C3N-01165	G12V	0.0924609	18	WT	WT	Missense	436	-33
C3L-01124	G12D	0.0858086	12	WT	Nonsense/frameshift	Missense	90	-30
C3N-01166	G12V	0.0533333	17	WT	WT	Missense	90	-30
C3N-01167	Q61H	0.332103	36	WT	Nonsense/frameshift	Nonsense/frameshift	4303	-4987
C3L-02701	G12V	0.100358	36	WT	WT	Nonsense/frameshift	764	-73
C3N-03039	G12R	0.189744	42	WT	WT	Missense	2554	-3625
C3N-01168	G12V	0.105413	24	Nonsense/frameshift	WT	Nonsense/frameshift	150	-73
C3L-02897	G12V	0.13253	24	WT	WT	Missense	96	-28
C3L-00102	G12R	0.103189	19	In-frame ins/del	WT	WT	8	-40
C3L-03743	G12D	0.231023	48	WT	WT	Missense	689	-727
C3L-02899	G12D	0.12093	20	WT	WT	WT	488	-95
